"EVENT","LEVEL","PLAYTIME_AVG","HINT_USED_SUM","RETRY_COUNT_SUM","SKIPPED_SUM","COUNT","COUNT %","USERS","EVENTS PER USER","ENGAGEMENT","TOTAL ACTIVE"
"level_completed","2","6.733955633768183","352","184399","96","182977","0.0159","182966","1","0.6957","263000"
"level_completed","3","6.775730664359789","505","183938","128","182642","0.0158","182627","1","0.6944","263000"
"level_completed","4","5.389265325428165","569","182841","129","181822","0.0158","181812","1","0.6912999999999999","263000"
"level_completed","10","13.246805981424698","0","219832","82","180024","0.015600000000000001","180017","1","0.6845","263000"
"level_completed","5","10.412928048394","1422","181816","274","179857","0.015600000000000001","179847","1","0.6838","263000"
"level_completed","1","6.594006588738941","155","181401","120","179397","0.0155","179379","1","0.682","263000"
"level_completed","11","6.414434876940808","790","178144","155","176988","0.015300000000000001","176982","1","0.6729","263000"
"level_completed","6","14.632696078708387","0","233468","418","176957","0.015300000000000001","176939","1","0.6728000000000001","263000"
"level_completed","7","10.052317419737733","0","205314","59","175238","0.0152","175231","1","0.6663","263000"
"level_completed","9","8.439753290882615","0","226451","108","175105","0.0152","175092","1","0.6657","263000"
"level_completed","12","6.761838683722614","498","173590","139","171514","0.0149","171507","1","0.6520999999999999","263000"
"level_completed","8","11.018560384209914","0","179125","109","170740","0.0148","170723","1","0.6491","263000"
"level_completed","13","11.18068450589473","665","166423","109","164469","0.0143","164455","1","0.6253","263000"
"level_completed","14","10.275060668855028","289","165095","33","163593","0.014199999999999999","163587","1","0.622","263000"
"level_completed","15","9.094542291802565","673","162562","127","160965","0.0139","160957","1","0.612","263000"
"level_completed","16","13.242165297120742","0","198416","136","155526","0.013500000000000002","155511","1","0.5913","263000"
"level_completed","17","11.858897061779007","0","203261","75","149274","0.0129","149265","1","0.5675","263000"
"level_completed","18","9.958372548090262","0","178011","46","147691","0.0128","147677","1","0.5615","263000"
"level_completed","19","24.118649566513877","0","146860","87","144872","0.0126","144854","1","0.5508","263000"
"level_completed","20","7.441453987381342","334","142233","197","140744","0.012199999999999999","140732","1","0.5351","263000"
"level_completed","21","14.457319509896324","1221","134775","266","132625","0.0115","132619","1","0.5043","263000"
"level_completed","22","11.784552876574233","245","132322","81","130937","0.0113","130924","1","0.4978","263000"
"level_completed","23","6.146011973433943","181","129798","52","128284","0.0111","128274","1","0.4877","263000"
"level_completed","24","9.06122593766258","154","128242","65","126858","0.011000000000000001","126847","1","0.48229999999999995","263000"
"level_completed","25","15.603461815055757","0","186461","89","120977","0.0105","120967","1","0.46","263000"
"level_completed","26","11.623035986877063","0","131210","65","118571","0.0103","118566","1","0.4508","263000"
"level_completed","27","12.45560780095083","0","148244","43","115268","0.01","115257","1","0.4382","263000"
"level_completed","28","10.987916536904395","220","135757","89","112385","0.0097","112375","1","0.42729999999999996","263000"
"level_completed","29","8.257639659637439","120","109254","34","108120","0.009399999999999999","108100","1","0.41100000000000003","263000"
"level_completed","30","6.029776933042086","161","211838","69","105753","0.0092","105737","1","0.402","263000"
"level_completed","31","11.524307733884124","248","104754","42","103609","0.009000000000000001","103598","1","0.39390000000000003","263000"
"level_completed","32","10.168142889229596","88","103278","24","102401","0.0089","102390","1","0.3893","263000"
"level_completed","33","11.548333282472258","1","108529","34","98307","0.0085","98298","1","0.3738","263000"
"level_completed","34","10.885179153094464","0","107544","37","97012","0.0084","96998","1","0.3688","263000"
"level_completed","35","11.25193900424108","0","109565","16","95023","0.008199999999999999","95013","1","0.3613","263000"
"level_completed","36","12.892354124748497","0","103630","28","93436","0.008100000000000001","93420","1","0.3552","263000"
"level_completed","37","15.081866879164172","491","92138","161","90354","0.0078000000000000005","90345","1","0.3435","263000"
"level_completed","38","7.231603032264027","85","87427","26","86536","0.0075","86520","1","0.32899999999999996","263000"
"level_completed","39","7.163180647642132","39","86351","14","85819","0.0074","85813","1","0.32630000000000003","263000"
"level_completed","40","9.286525274699343","40","85443","17","84729","0.0073","84721","1","0.3221","263000"
"level_completed","41","8.29761268166316","65","84896","31","84153","0.0073","84143","1","0.31989999999999996","263000"
"level_completed","42","14.584659464420817","0","82322","48","80623","0.006999999999999999","80616","1","0.3065","263000"
"level_completed","43","12.430282335513517","0","96844","42","79657","0.0069","79647","1","0.3028","263000"
"level_completed","44","13.012020306645692","0","92859","39","78201","0.0068000000000000005","78190","1","0.2973","263000"
"level_completed","45","12.924181815781484","0","103954","29","75747","0.0066","75736","1","0.28800000000000003","263000"
"level_completed","46","7.679237396685859","102","75361","45","74167","0.0064","74155","1","0.282","263000"
"level_completed","47","6.4388641131441124","21","72747","12","71979","0.0062","71967","1","0.2736","263000"
"level_completed","48","9.081272932543039","181","73030","58","70860","0.0060999999999999995","70853","1","0.26940000000000003","263000"
"level_completed","49","11.852038168819186","482","71141","92","69376","0.006","69368","1","0.2638","263000"
"level_completed","50","19.039663531748342","406","70474","104","68476","0.0059","68469","1","0.26030000000000003","263000"
"level_completed","51","13.346277831921434","0","81740","27","66695","0.0058","66685","1","0.2536","263000"
"level_completed","52","12.64693378679987","0","69780","20","65863","0.005699999999999999","65845","1","0.2504","263000"
"level_completed","53","12.102409824431483","0","71516","21","64818","0.005600000000000001","64804","1","0.2464","263000"
"level_completed","54","15.655986774777606","0","83517","23","63515","0.0055000000000000005","63508","1","0.2415","263000"
"level_completed","55","5.941296456907905","68","67831","23","62262","0.0054","62255","1","0.23670000000000002","263000"
"level_completed","56","8.456900120894948","98","61256","25","60383","0.0052","60371","1","0.22949999999999998","263000"
"level_completed","57","6.553264950388846","101","98061","37","59664","0.0052","59658","1","0.2268","263000"
"level_completed","58","8.73815278818002","31","59344","11","58748","0.0051","58738","1","0.22329999999999997","263000"
"level_completed","59","11.718395051121231","211","59369","66","58195","0.005","58188","1","0.2212","263000"
"level_completed","60","14.414772727272725","0","61996","30","56672","0.0049","56661","1","0.21539999999999998","263000"
"level_completed","61","13.358042809077237","0","62328","18","55876","0.0048","55869","1","0.21239999999999998","263000"
"level_completed","62","14.51962943414084","0","66855","21","54943","0.0048","54934","1","0.2089","263000"
"level_completed","63","16.890431471142826","0","64787","15","54094","0.004699999999999999","54087","1","0.2057","263000"
"level_completed","64","10.582274629136558","0","82411","15","52580","0.0046","52573","1","0.1999","263000"
"level_completed","65","13.348052655116764","135","52855","75","51429","0.0045000000000000005","51417","1","0.1955","263000"
"level_completed","66","10.610680465097696","412","51554","120","50054","0.0043","50051","1","0.19030000000000002","263000"
"level_completed","67","6.5933642597821684","43","50086","11","49580","0.0043","49575","1","0.1885","263000"
"level_completed","68","6.308468277143614","10","49358","5","48971","0.0042","48967","1","0.1862","263000"
"level_completed","69","6.3494394020288265","8","49094","2","48698","0.0042","48690","1","0.18510000000000001","263000"
"level_completed","70","11.322612330198538","0","68032","15","47850","0.0040999999999999995","47840","1","0.1819","263000"
"level_completed","71","11.72356460094096","0","56854","13","46973","0.0040999999999999995","46970","1","0.17859999999999998","263000"
"level_completed","72","11.744050311214492","0","51473","8","46431","0.004","46423","1","0.1765","263000"
"level_completed","73","12.03909550598691","0","64121","16","45683","0.004","45678","1","0.17370000000000002","263000"
"level_completed","74","8.722465181995569","0","71460","20","44589","0.0039000000000000003","44583","1","0.16949999999999998","263000"
"level_completed","75","5.517542062245295","51","71559","20","43923","0.0038","43920","1","0.16699999999999998","263000"
"level_completed","76","7.561793834565493","107","59435","35","43014","0.0037","43009","1","0.1635","263000"
"level_completed","77","6.151811926066839","9","42872","4","42579","0.0037","42571","1","0.16190000000000002","263000"
"level_completed","78","6.627098122076872","21","42526","7","42121","0.0037","42115","1","0.16010000000000002","263000"
"level_completed","79","7.844041709223059","11","42418","8","42101","0.0036","42094","1","0.16010000000000002","263000"
"level_completed","80","19.58432957561297","0","47721","22","41071","0.0036","41067","1","0.1561","263000"
"level_completed","81","14.528653755781455","0","51076","16","40431","0.0034999999999999996","40418","1","0.1537","263000"
"level_completed","82","11.318563175081636","0","53962","8","39810","0.0034000000000000002","39800","1","0.15130000000000002","263000"
"level_completed","83","10.483016287139996","0","45524","7","39479","0.0034000000000000002","39471","1","0.1501","263000"
"level_completed","84","12.505422770496018","0","42802","12","38910","0.0034000000000000002","38903","1","0.1479","263000"
"level_completed","85","12.751231527093598","0","57097","6","38164","0.0033","38151","1","0.1451","263000"
"level_completed","86","7.153334757302289","91","66203","27","37454","0.0032","37445","1","0.1424","263000"
"level_completed","87","6.959230790124128","17","40602","6","36817","0.0032","36813","1","0.14","263000"
"level_completed","88","8.77873745014441","46","50933","25","36355","0.0032","36351","1","0.1382","263000"
"level_completed","89","6.037220154435865","21","42809","9","36002","0.0031","35998","1","0.1369","263000"
"level_completed","90","8.860045083906156","34","36357","7","35933","0.0031","35929","1","0.1366","263000"
"level_completed","91","13.931209432839209","0","42968","11","35281","0.0031","35276","1","0.1341","263000"
"level_completed","92","12.991072199982714","0","38998","7","34723","0.003","34718","1","0.132","263000"
"level_completed","93","17.74031576476112","0","37971","10","34076","0.003","34071","1","0.1295","263000"
"level_completed","94","10.710614657912721","0","40712","6","33661","0.0029","33648","1","0.12789999999999999","263000"
"level_completed","95","10.356213304279404","39","33974","13","33042","0.0029","33034","1","0.12560000000000002","263000"
"level_completed","96","15.837049848662675","119","33200","27","32378","0.0028000000000000004","32374","1","0.1231","263000"
"level_completed","97","6.860461456136484","25","40528","2","31769","0.0028000000000000004","31765","1","0.1208","263000"
"level_completed","98","10.840498778437027","12","32156","7","31517","0.0027","31511","1","0.1198","263000"
"level_completed","99","9.415711686404702","6","31889","4","31327","0.0027","31319","1","0.1191","263000"
"level_completed","100","15.36174554070954","0","51069","12","30386","0.0026","30377","1","0.1155","263000"
"level_completed","101","13.204491765097321","0","36514","6","30055","0.0026","30050","1","0.1143","263000"
"level_completed","102","14.247980531990404","0","30298","34","29587","0.0026","29585","1","0.1125","263000"
"level_completed","103","11.129410966340938","0","33128","5","29472","0.0026","29467","1","0.11199999999999999","263000"
"level_completed","104","12.71523178807947","0","37449","1","28841","0.0025","28834","1","0.1096","263000"
"level_completed","105","7.532547501759325","24","32191","10","28420","0.0025","28416","1","0.10800000000000001","263000"
"level_completed","106","9.665261352674262","95","28708","29","27989","0.0024","27986","1","0.10640000000000001","263000"
"level_completed","107","11.976093901432217","18","28245","3","27859","0.0024","27857","1","0.1059","263000"
"level_completed","108","10.668868403861506","25","27982","7","27554","0.0024","27546","1","0.1047","263000"
"level_completed","109","8.039509685892522","49","27784","12","27411","0.0024","27408","1","0.1042","263000"
"level_completed","110","10.052899061468265","0","37053","11","26957","0.0023","26953","1","0.1025","263000"
"level_completed","111","11.160838106722945","0","37238","13","26536","0.0023","26535","1","0.1009","263000"
"level_completed","112","6.495443057363869","0","44912","10","26114","0.0023","26111","1","0.0993","263000"
"level_completed","113","14.838640776699027","0","33592","7","25750","0.0022","25746","1","0.09789999999999999","263000"
"level_completed","114","15.796196078431368","0","25828","10","25500","0.0022","25495","1","0.0969","263000"
"level_completed","115","10.101638034358771","36","25774","25","25030","0.0022","25025","1","0.09519999999999999","263000"
"level_completed","116","8.17185978578384","15","25003","8","24648","0.0021","24642","1","0.09369999999999999","263000"
"level_completed","117","7.211442076524999","5","24723","2","24541","0.0021","24540","1","0.0933","263000"
"level_completed","118","10.611886815766717","56","24773","9","24279","0.0021","24273","1","0.09230000000000001","263000"
"level_completed","119","8.652755970580948","8","24463","2","24202","0.0021","24197","1","0.092","263000"
"level_completed","120","9.07771695984624","0","31211","2","23933","0.0021","23926","1","0.091","263000"
"level_completed","121","17.91284854178231","0","34451","16","23419","0.002","23419","1","0.08900000000000001","263000"
"level_completed","122","14.74548114993974","0","26106","7","23236","0.002","23231","1","0.0883","263000"
"level_completed","123","13.289477115660453","0","25666","2","23007","0.002","22999","1","0.0874","263000"
"level_completed","124","11.757099591800907","0","25443","2","22783","0.002","22779","1","0.0866","263000"
"level_completed","125","10.955775607133255","28","22995","9","22318","0.0019","22314","1","0.0848","263000"
"level_completed","126","7.535511685954165","8","24177","4","22035","0.0019","22033","1","0.08380000000000001","263000"
"level_completed","127","9.733861005627485","8","22330","5","21857","0.0019","21854","1","0.08310000000000001","263000"
"level_completed","128","11.157295603281412","70","22100","15","21698","0.0019","21695","1","0.0825","263000"
"level_completed","129","8.420914005822281","29","21894","10","21641","0.0019","21635","1","0.0823","263000"
"level_completed","130","10.262120504437181","0","25228","3","21410","0.0019","21408","1","0.0814","263000"
"level_completed","131","9.777553605780513","0","22368","3","21313","0.0018","21304","1","0.081","263000"
"level_completed","132","10.520784724536927","0","27050","5","21001","0.0018","20997","1","0.07980000000000001","263000"
"level_completed","133","9.345971109084806","0","30645","6","20837","0.0018","20834","1","0.07919999999999999","263000"
"level_completed","134","11.400458894747118","0","27853","6","20484","0.0018","20480","1","0.0779","263000"
"level_completed","135","7.8693218407886265","16","20774","4","20187","0.0017000000000000001","20186","1","0.0768","263000"
"level_completed","136","4.3833970233306525","3","24854","3","19888","0.0017000000000000001","19884","1","0.0756","263000"
"level_completed","137","8.601561712846348","7","20083","3","19850","0.0017000000000000001","19843","1","0.0754","263000"
"level_completed","138","8.685478146232636","7","20008","3","19722","0.0017000000000000001","19718","1","0.075","263000"
"level_completed","139","10.873856474893273","4","19905","2","19676","0.0017000000000000001","19676","1","0.0748","263000"
"level_completed","140","11.840164990977058","0","21432","5","19395","0.0017000000000000001","19389","1","0.0737","263000"
"level_completed","141","14.203631578947368","0","29226","9","19000","0.0016","18999","1","0.0722","263000"
"level_completed","142","12.060991241187782","0","29797","7","18724","0.0016","18721","1","0.0712","263000"
"level_completed","143","13.03990051903114","0","23899","3","18496","0.0016","18493","1","0.0703","263000"
"level_completed","144","6.591866973987488","19","29595","15","18222","0.0016","18222","1","0.0693","263000"
"level_completed","145","11.176138251910936","7","18394","1","18054","0.0016","18046","1","0.06860000000000001","263000"
"level_completed","146","6.327737949524976","6","22382","4","17157","0.0015","17155","1","0.0652","263000"
"level_completed","147","14.152934998249506","14","17633","5","17138","0.0015","17132","1","0.06509999999999999","263000"
"level_completed","148","8.948378362469828","37","21682","3","16989","0.0015","16985","1","0.0646","263000"
"level_completed","149","18.99580109171615","0","20464","5","16671","0.0014000000000000002","16668","1","0.0634","263000"
"level_completed","150","11.896094415379","0","23100","11","16438","0.0014000000000000002","16436","1","0.0625","263000"
"level_completed","151","14.387401379138973","0","25591","9","16097","0.0014000000000000002","16091","1","0.061200000000000004","263000"
"level_completed","152","10.446608040201012","6","16374","2","15920","0.0014000000000000002","15916","1","0.0605","263000"
"level_completed","153","7.616073128927821","7","16911","2","15753","0.0014000000000000002","15753","1","0.0599","263000"
"level_completed","154","7.134896233666411","3","15812","3","15612","0.0014000000000000002","15606","1","0.0593","263000"
"level_completed","156","7.413313685289597","2","15773","0","15608","0.0014000000000000002","15601","1","0.0593","263000"
"level_completed","155","7.7087795805810275","3","15765","1","15593","0.0014000000000000002","15592","1","0.0593","263000"
"level_completed","157","13.359831004224903","0","18439","8","15385","0.0013","15380","1","0.058499999999999996","263000"
"level_completed","158","12.751844046364594","0","21769","6","15184","0.0013","15178","1","0.057699999999999994","263000"
"level_completed","159","13.481028639776731","0","19512","3","15049","0.0013","15046","1","0.0572","263000"
"level_completed","160","12.931482735274203","0","22883","6","14770","0.0013","14762","1","0.056100000000000004","263000"
"level_completed","161","5.630674002751035","7","24015","6","14540","0.0013","14536","1","0.0553","263000"
"level_completed","162","8.526403789884354","80","26817","19","14354","0.0012","14351","1","0.0546","263000"
"level_completed","163","12.662385964912287","17","14521","6","14250","0.0012","14247","1","0.0542","263000"
"level_completed","164","10.610549388390012","7","14352","3","14143","0.0012","14142","1","0.0538","263000"
"level_completed","165","7.581154799858309","4","14563","3","14115","0.0012","14107","1","0.0536","263000"
"level_completed","166","15.157346175963196","0","14793","7","13912","0.0012","13907","1","0.0529","263000"
"level_completed","167","12.145689592563","0","17827","5","13769","0.0012","13769","1","0.0524","263000"
"level_completed","168","12.981879539285453","0","17591","3","13631","0.0012","13628","1","0.0518","263000"
"level_completed","169","13.694116768702402","0","18488","4","13394","0.0012","13389","1","0.0509","263000"
"level_completed","170","13.450627551791923","0","16351","2","13226","0.0011","13222","1","0.050300000000000004","263000"
"level_completed","171","8.769100951212026","11","13416","4","13036","0.0011","13030","1","0.0495","263000"
"level_completed","172","6.196385635616229","4","13069","0","12893","0.0011","12891","1","0.049","263000"
"level_completed","173","6.367704280155641","18","22934","6","12850","0.0011","12849","1","0.0489","263000"
"level_completed","174","9.566958698372966","6","12930","3","12784","0.0011","12780","1","0.048600000000000004","263000"
"level_completed","175","7.103708359522314","14","12875","2","12728","0.0011","12727","1","0.0484","263000"
"level_completed","176","14.578450055582021","0","13571","3","12594","0.0011","12593","1","0.0479","263000"
"level_completed","178","16.467213774237656","0","12608","3","12429","0.0011","12427","1","0.0473","263000"
"level_completed","177","20.357338268426144","0","15564","4","12428","0.0011","12427","1","0.0473","263000"
"level_completed","179","11.73470885663024","0","15937","2","12262","0.0011","12260","1","0.0466","263000"
"level_completed","180","11.558505326231689","0","20294","4","12016","0.001","12013","1","0.045700000000000005","263000"
"level_completed","181","9.832139546641944","19","12308","3","11867","0.001","11864","1","0.0451","263000"
"level_completed","182","14.076751946607342","22","11943","4","11687","0.001","11685","1","0.0444","263000"
"level_completed","183","16.036051502145927","22","12151","10","11650","0.001","11644","1","0.0443","263000"
"level_completed","184","8.448293691830404","3","11733","0","11604","0.001","11602","1","0.0441","263000"
"level_completed","185","12.51305325034578","8","11762","6","11568","0.001","11567","1","0.044000000000000004","263000"
"level_completed","186","15.113680323544925","0","13445","3","11374","0.001","11373","1","0.0432","263000"
"level_completed","187","15.281520778072498","0","11761","6","11310","0.001","11310","1","0.043","263000"
"level_completed","188","7.971678727776289","0","12816","1","11193","0.001","11191","1","0.0426","263000"
"level_completed","189","14.778076062639824","0","11849","3","11175","0.001","11172","1","0.0425","263000"
"level_completed","190","6.364731455484106","8","14802","1","11041","0.001","11039","1","0.042","263000"
"level_completed","191","13.819031903190314","24","11357","9","10908","0.0009","10901","1","0.0414","263000"
"level_completed","193","11.751212553495003","23","10833","8","10515","0.0009","10513","1","0.04","263000"
"level_completed","192","9.673065902578797","16","10973","6","10470","0.0009","10468","1","0.0398","263000"
"level_completed","194","5.575661982602046","2","10533","0","10461","0.0009","10458","1","0.0398","263000"
"level_completed","195","17.230582994383116","0","11974","3","10326","0.0009","10325","1","0.0393","263000"
"level_completed","196","13.365705911089405","0","11530","2","10235","0.0009","10230","1","0.038900000000000004","263000"
"level_completed","197","11.44054504460348","0","10774","0","10201","0.0009","10198","1","0.0388","263000"
"level_completed","198","13.90119553403814","0","11243","1","10121","0.0009","10118","1","0.0385","263000"
"level_completed","199","13.611138886111393","0","11832","1","10001","0.0009","10000","1","0.038","263000"
"level_completed","200","6.737573544329478","6","10081","2","9858","0.0009","9857","1","0.0375","263000"
"level_completed","201","10.588663386633863","24","17654","8","9756","0.0008","9751","1","0.0371","263000"
"level_completed","202","10.819761464116803","6","9875","2","9726","0.0008","9725","1","0.037000000000000005","263000"
"level_completed","203","7.574953348538254","2","9750","0","9646","0.0008","9642","1","0.036699999999999997","263000"
"level_completed","204","14.018516581232351","81","10439","35","9559","0.0008","9557","1","0.0363","263000"
"level_completed","205","12.818885941644567","0","14231","5","9425","0.0008","9422","1","0.0358","263000"
"level_completed","206","9.77020500160996","0","13496","4","9317","0.0008","9314","1","0.0354","263000"
"level_completed","207","11.376157785768768","0","15114","4","9177","0.0008","9175","1","0.0349","263000"
"level_completed","208","6.277643171806166","13","17787","3","9080","0.0008","9078","1","0.0345","263000"
"level_completed","209","6.936493838125905","2","9128","0","9007","0.0008","9005","1","0.0342","263000"
"level_completed","210","12.142761394101877","13","9437","0","8952","0.0008","8948","1","0.034","263000"
"level_completed","211","9.595326367823843","2","18740","2","8901","0.0008","8899","1","0.0338","263000"
"level_completed","212","12.797835156161915","14","9224","5","8869","0.0008","8867","1","0.0337","263000"
"level_completed","213","16.888567126143865","0","10910","1","8633","0.0007000000000000001","8630","1","0.032799999999999996","263000"
"level_completed","214","14.623031151557573","0","10915","2","8571","0.0007000000000000001","8571","1","0.0326","263000"
"level_completed","215","13.492588235294113","0","11897","4","8500","0.0007000000000000001","8495","1","0.0323","263000"
"level_completed","216","13.425542053847982","0","12162","5","8394","0.0007000000000000001","8392","1","0.0319","263000"
"level_completed","217","8.274588178294577","0","8512","1","8256","0.0007000000000000001","8255","1","0.031400000000000004","263000"
"level_completed","218","9.06649522409992","23","12546","5","8166","0.0007000000000000001","8164","1","0.031","263000"
"level_completed","219","6.043339079044574","1","8206","1","8122","0.0007000000000000001","8122","1","0.030899999999999997","263000"
"level_completed","220","12.569646826376886","4","8257","2","8098","0.0007000000000000001","8096","1","0.0308","263000"
"level_completed","221","5.128243327126008","1","8127","0","8055","0.0007000000000000001","8053","1","0.030600000000000002","263000"
"level_completed","222","17.17074394680717","0","8293","1","7971","0.0007000000000000001","7970","1","0.030299999999999997","263000"
"level_completed","223","15.099949520444211","0","10600","1","7924","0.0007000000000000001","7923","1","0.0301","263000"
"level_completed","224","10.960993820803301","0","12309","5","7768","0.0007000000000000001","7766","1","0.029500000000000002","263000"
"level_completed","225","15.179756350440647","0","11101","4","7716","0.0007000000000000001","7714","1","0.029300000000000003","263000"
"level_completed","226","12.695726271630834","0","9666","2","7628","0.0007000000000000001","7628","1","0.028999999999999998","263000"
"level_completed","227","13.022239768390579","0","10481","3","7599","0.0007000000000000001","7595","1","0.028900000000000002","263000"
"level_completed","228","10.947954393024812","10","7735","4","7455","0.0006","7453","1","0.028300000000000002","263000"
"level_completed","229","7.0370219690805556","7","11941","0","7374","0.0006","7373","1","0.027999999999999997","263000"
"level_completed","230","5.315236666211974","1","9557","0","7331","0.0006","7330","1","0.0279","263000"
"level_completed","231","16.34701950620653","35","7550","7","7331","0.0006","7331","1","0.0279","263000"
"level_completed","232","13.497948016415869","7","7445","0","7310","0.0006","7309","1","0.0278","263000"
"level_completed","233","11.434514003294899","0","7505","1","7284","0.0006","7283","1","0.0277","263000"
"level_completed","234","10.732603271416691","0","8955","1","7214","0.0006","7212","1","0.0274","263000"
"level_completed","235","13.021635957565604","0","7578","0","7164","0.0006","7163","1","0.027200000000000002","263000"
"level_completed","236","12.163753321213822","0","8007","2","7151","0.0006","7150","1","0.027200000000000002","263000"
"level_completed","237","10.89528648038385","0","8554","1","7086","0.0006","7084","1","0.0269","263000"
"level_completed","238","5.863519313304722","2","9762","1","6990","0.0006","6989","1","0.026600000000000002","263000"
"level_completed","239","7.023145485911442","0","7049","0","6956","0.0006","6955","1","0.0264","263000"
"level_completed","241","7.121936550894604","2","7158","2","6651","0.0006","6648","1","0.0253","263000"
"level_completed","242","5.602859292701281","1","7947","1","6645","0.0006","6645","1","0.0253","263000"
"level_completed","240","6.921426412813538","24","12466","9","6618","0.0006","6615","1","0.0252","263000"
"level_completed","243","14.765171102661599","0","8291","4","6575","0.0006","6574","1","0.025","263000"
"level_completed","244","10.080354414909866","0","9530","2","6546","0.0006","6544","1","0.024900000000000002","263000"
"level_completed","245","11.32685784767191","0","8244","0","6486","0.0006","6486","1","0.024700000000000003","263000"
"level_completed","246","10.318900126422253","71","12904","20","6328","0.0005","6328","1","0.0241","263000"
"level_completed","249","8.028367670364497","4","6460","1","6310","0.0005","6310","1","0.024","263000"
"level_completed","247","5.4215374841169","21","11919","7","6296","0.0005","6295","1","0.0239","263000"
"level_completed","248","15.304313226165844","40","6512","5","6283","0.0005","6281","1","0.0239","263000"
"level_completed","250","12.94578896418199","82","8714","14","6198","0.0005","6197","1","0.0236","263000"
"level_completed","251","20.692496723460014","0","6780","2","6104","0.0005","6101","1","0.0232","263000"
"level_completed","252","12.83472175941352","0","8510","4","6002","0.0005","6000","1","0.022799999999999997","263000"
"level_completed","253","12.098078867542972","0","7322","0","5934","0.0005","5932","1","0.0226","263000"
"level_completed","254","15.436175622986951","0","7695","1","5899","0.0005","5898","1","0.022400000000000003","263000"
"level_completed","255","6.017021276595745","1","6319","2","5875","0.0005","5875","1","0.0223","263000"
"level_completed","256","6.333275921460558","1","5907","0","5806","0.0005","5806","1","0.022099999999999998","263000"
"level_completed","257","6.377378069872018","3","5876","2","5782","0.0005","5781","1","0.022000000000000002","263000"
"level_completed","258","16.20776732845698","9","5982","3","5742","0.0005","5739","1","0.0218","263000"
"level_completed","259","17.32838427947598","20","6011","7","5725","0.0005","5724","1","0.0218","263000"
"level_completed","260","16.048649615453392","0","6477","4","5591","0.0005","5591","1","0.0213","263000"
"level_completed","261","11.99889217134417","0","10073","0","5416","0.0005","5416","1","0.0206","263000"
"level_completed","262","11.549217002237134","0","8761","2","5364","0.0005","5364","1","0.0204","263000"
"level_completed","263","9.381685119159323","0","6555","2","5329","0.0005","5328","1","0.0203","263000"
"level_completed","264","11.061090225563907","0","5839","1","5320","0.0005","5320","1","0.0202","263000"
"level_completed","265","10.813651748777739","0","5740","0","5318","0.0005","5316","1","0.0202","263000"
"level_completed","266","10.938651471984807","0","6127","1","5265","0.0005","5263","1","0.02","263000"
"level_completed","267","8.747301464919044","4","10206","6","5188","0.0004","5186","1","0.0197","263000"
"level_completed","269","8.809533267130083","1","5098","0","5035","0.0004","5035","1","0.0191","263000"
"level_completed","268","13.341230340434","53","5491","23","5023","0.0004","5022","1","0.0191","263000"
"level_completed","270","15.291742747007502","85","5487","36","4929","0.0004","4927","1","0.0187","263000"
"level_completed","272","12.160579473576815","0","5284","0","4901","0.0004","4900","1","0.018600000000000002","263000"
"level_completed","271","6.866476112699056","2","5487","1","4898","0.0004","4897","1","0.018600000000000002","263000"
"level_completed","273","9.31439704675964","0","6074","0","4876","0.0004","4876","1","0.018500000000000003","263000"
"level_completed","274","9.841952834091849","0","8487","1","4834","0.0004","4833","1","0.0184","263000"
"level_completed","275","10.790755777638974","0","6358","1","4803","0.0004","4803","1","0.0183","263000"
"level_completed","276","8.506342494714588","6","6768","3","4730","0.0004","4728","1","0.018000000000000002","263000"
"level_completed","277","8.92972399150743","2","4777","1","4710","0.0004","4709","1","0.0179","263000"
"level_completed","278","12.316560509554135","7","4828","0","4710","0.0004","4710","1","0.0179","263000"
"level_completed","279","14.893247588424444","4","4796","5","4665","0.0004","4663","1","0.0177","263000"
"level_completed","280","5.677600345274062","3","5930","1","4634","0.0004","4633","1","0.0176","263000"
"level_completed","281","13.666958233107367","0","6058","0","4573","0.0004","4573","1","0.0174","263000"
"level_completed","282","12.586956521739129","0","6729","3","4554","0.0004","4553","1","0.0173","263000"
"level_completed","283","8.49101796407185","0","5223","0","4509","0.0004","4508","1","0.0171","263000"
"level_completed","284","19.705459447315217","0","6347","2","4451","0.0004","4451","1","0.0169","263000"
"level_completed","285","10.350213819491339","6","4612","0","4443","0.0004","4441","1","0.0169","263000"
"level_completed","286","11.92666364870983","5","4528","1","4418","0.0004","4415","1","0.0168","263000"
"level_completed","288","13.416706105063895","51","4517","8","4226","0.0004","4226","1","0.0161","263000"
"level_completed","289","9.118724720437791","15","6517","5","4203","0.0004","4202","1","0.016","263000"
"level_completed","287","18.29088312306593","21","4571","4","4201","0.0004","4200","1","0.016","263000"
"level_completed","290","12.910182516810758","0","4893","1","4164","0.0004","4163","1","0.0158","263000"
"level_completed","292","13.490465846005314","0","4654","1","4143","0.0004","4142","1","0.015700000000000002","263000"
"level_completed","291","16.650881855520662","0","4629","0","4139","0.0004","4137","1","0.015700000000000002","263000"
"level_completed","293","15.647431214998777","0","5129","0","4107","0.0004","4105","1","0.015600000000000001","263000"
"level_completed","294","20.502088965347752","0","5162","4","4069","0.0004","4068","1","0.0155","263000"
"level_completed","295","14.258145363408522","0","6055","0","3990","0.0003","3989","1","0.0152","263000"
"level_completed","296","12.523462986198243","0","4268","2","3985","0.0003","3984","1","0.0151","263000"
"level_completed","297","6.730496453900709","2","4233","0","3948","0.0003","3948","1","0.015","263000"
"level_completed","298","9.94214666328343","4","6006","0","3941","0.0003","3940","1","0.015","263000"
"level_completed","299","11.367545431277197","13","7033","0","3907","0.0003","3905","1","0.0148","263000"
"level_completed","300","12.734483646664952","51","8587","8","3883","0.0003","3882","1","0.0148","263000"
"level_completed","301","5.541182545830108","0","6244","0","3873","0.0003","3873","1","0.0147","263000"
"level_completed","302","20.035507627564435","0","5407","3","3802","0.0003","3802","1","0.014499999999999999","263000"
"level_completed","303","14.530315064866299","0","4451","1","3777","0.0003","3777","1","0.0144","263000"
"level_completed","304","14.003442796610168","0","4922","0","3776","0.0003","3775","1","0.0144","263000"
"level_completed","306","7.845396487493348","4","6706","1","3758","0.0003","3757","1","0.0143","263000"
"level_completed","307","6.688847484695236","2","4916","1","3757","0.0003","3757","1","0.0143","263000"
"level_completed","305","6.789866666666668","2","5197","1","3750","0.0003","3746","1","0.014199999999999999","263000"
"level_completed","308","5.224703982777178","5","5004","2","3716","0.0003","3716","1","0.0141","263000"
"level_completed","309","11.686422413793103","7","3870","4","3712","0.0003","3711","1","0.0141","263000"
"level_completed","312","14.803735787763934","0","3985","0","3694","0.0003","3694","1","0.013999999999999999","263000"
"level_completed","310","15.286372256840966","0","4535","0","3691","0.0003","3691","1","0.013999999999999999","263000"
"level_completed","311","10.795868442511555","0","3884","0","3679","0.0003","3679","1","0.013999999999999999","263000"
"level_completed","313","17.221828103683485","0","4975","2","3665","0.0003","3664","1","0.0139","263000"
"level_completed","314","9.37438016528926","7","5573","1","3630","0.0003","3630","1","0.0138","263000"
"level_completed","316","7.265124059102313","1","3619","0","3587","0.0003","3586","1","0.013600000000000001","263000"
"level_completed","315","5.472889882615988","1","6734","0","3578","0.0003","3578","1","0.013600000000000001","263000"
"level_completed","318","16.864430665163468","9","5153","6","3548","0.0003","3547","1","0.013500000000000002","263000"
"level_completed","317","17.818541548897677","47","3806","14","3538","0.0003","3538","1","0.013500000000000002","263000"
"level_completed","319","14.283175695041566","0","3897","0","3489","0.0003","3489","1","0.013300000000000001","263000"
"level_completed","320","11.212815308785157","0","6392","0","3449","0.0003","3448","1","0.0131","263000"
"level_completed","321","9.333139534883722","0","4125","0","3440","0.0003","3439","1","0.0131","263000"
"level_completed","322","7.6294879340788695","0","5563","0","3398","0.0003","3398","1","0.0129","263000"
"level_completed","323","7.180269058295961","24","9606","5","3345","0.0003","3345","1","0.0127","263000"
"level_completed","326","6.059405940594061","1","5541","0","3333","0.0003","3332","1","0.0127","263000"
"level_completed","324","5.632052821128451","1","5187","0","3332","0.0003","3331","1","0.0127","263000"
"level_completed","327","7.766546329723225","14","5922","4","3324","0.0003","3323","1","0.0126","263000"
"level_completed","325","7.17664760758351","2","3581","0","3323","0.0003","3323","1","0.0126","263000"
"level_completed","328","18.75963581183612","0","4143","1","3295","0.0003","3295","1","0.0125","263000"
"level_completed","329","13.719493358047565","0","5330","0","3237","0.0003","3237","1","0.0123","263000"
"level_completed","330","9.36357986326911","0","4313","0","3218","0.0003","3218","1","0.012199999999999999","263000"
"level_completed","332","13.60056214865709","0","3384","1","3202","0.0003","3201","1","0.012199999999999999","263000"
"level_completed","331","10.335944844876215","0","5970","0","3191","0.0003","3189","1","0.0121","263000"
"level_completed","333","13.952365930599367","0","4137","2","3170","0.0003","3168","1","0.012","263000"
"level_completed","334","7.3922317733206","2","3256","1","3141","0.0003","3140","1","0.011899999999999999","263000"
"level_completed","335","8.549569652534272","14","4099","5","3137","0.0003","3137","1","0.011899999999999999","263000"
"level_completed","338","9.926058631921824","0","3110","0","3070","0.0003","3068","1","0.011699999999999999","263000"
"level_completed","337","7.328529315427448","3","3100","2","3053","0.0003","3052","1","0.0116","263000"
"level_completed","336","6.060626029654037","2","5405","1","3035","0.0003","3035","1","0.0115","263000"
"level_completed","339","12.37730870712401","0","3233","0","3032","0.0003","3031","1","0.0115","263000"
"level_completed","340","13.071166054126296","0","3444","2","2993","0.0003","2992","1","0.011399999999999999","263000"
"level_completed","341","15.913277310924364","0","3242","1","2975","0.0003","2973","1","0.0113","263000"
"level_completed","342","20.33752122241086","0","3952","0","2945","0.0003","2945","1","0.011200000000000002","263000"
"level_completed","346","19.177977839335185","2","2951","1","2888","0.0003","2887","1","0.011000000000000001","263000"
"level_completed","343","6.602009005888466","11","5549","1","2887","0.0003","2885","1","0.011000000000000001","263000"
"level_completed","347","14.247487001733106","5","2946","2","2885","0.0003","2883","1","0.011000000000000001","263000"
"level_completed","345","9.061741241762055","3","2903","0","2883","0.0002","2883","1","0.011000000000000001","263000"
"level_completed","344","13.584433634468382","5","3006","0","2878","0.0002","2878","1","0.0109","263000"
"level_completed","350","8.691523039043267","0","3616","4","2843","0.0002","2838","1","0.0108","263000"
"level_completed","351","11.45332863684396","0","2961","0","2839","0.0002","2839","1","0.0108","263000"
"level_completed","348","18.035651253088602","0","3002","2","2833","0.0002","2831","1","0.0108","263000"
"level_completed","352","16.0421388101983","0","3325","3","2824","0.0002","2823","1","0.010700000000000001","263000"
"level_completed","349","7.3302556818181825","0","3323","0","2816","0.0002","2816","1","0.010700000000000001","263000"
"level_completed","353","8.948460987831066","0","3714","0","2794","0.0002","2794","1","0.0106","263000"
"level_completed","354","9.681441441441441","3","3766","1","2775","0.0002","2774","1","0.0105","263000"
"level_completed","355","5.184248554913295","5","4969","0","2768","0.0002","2766","1","0.0105","263000"
"level_completed","356","22.476556776556777","13","2888","1","2730","0.0002","2728","1","0.0104","263000"
"level_completed","357","14.806309611151871","0","2758","0","2726","0.0002","2726","1","0.0104","263000"
"level_completed","358","4.613686534216338","1","3081","0","2718","0.0002","2715","1","0.0103","263000"
"level_completed","359","19.099065420560738","0","3393","1","2675","0.0002","2674","1","0.0102","263000"
"level_completed","361","9.874481718808896","0","2926","0","2653","0.0002","2651","1","0.0101","263000"
"level_completed","362","15.599999999999998","0","3567","1","2635","0.0002","2633","1","0.01","263000"
"level_completed","360","9.752659574468089","0","3953","4","2632","0.0002","2631","1","0.01","263000"
"level_completed","363","13.17025365103766","0","3068","0","2602","0.0002","2600","1","0.009899999999999999","263000"
"level_completed","364","5.5075376884422145","0","2726","1","2587","0.0002","2584","1","0.0098","263000"
"level_completed","365","6.640340689121174","2","4873","1","2583","0.0002","2583","1","0.0098","263000"
"level_completed","366","12.629457364341091","2","2611","0","2580","0.0002","2580","1","0.0098","263000"
"level_completed","367","22.17695961995249","45","2845","9","2526","0.0002","2524","1","0.0096","263000"
"level_completed","368","6.240095087163235","4","5037","1","2524","0.0002","2524","1","0.0096","263000"
"level_completed","369","9.385258964143432","0","3578","0","2510","0.0002","2510","1","0.0095","263000"
"level_completed","370","20.701402805611224","0","3185","3","2495","0.0002","2495","1","0.0095","263000"
"level_completed","371","16.377563329312427","0","2787","1","2487","0.0002","2486","1","0.0095","263000"
"level_completed","372","15.251426242868785","0","3105","1","2454","0.0002","2453","1","0.009300000000000001","263000"
"level_completed","374","8.802306425041188","1","2464","0","2428","0.0002","2427","1","0.0092","263000"
"level_completed","373","5.603874690849136","3","4433","0","2426","0.0002","2425","1","0.0092","263000"
"level_completed","377","13.043478260869557","1","2869","0","2415","0.0002","2415","1","0.0092","263000"
"level_completed","375","6.252902155887226","0","2922","1","2412","0.0002","2412","1","0.0092","263000"
"level_completed","378","13.363485477178422","0","3164","2","2410","0.0002","2408","1","0.0092","263000"
"level_completed","380","9.259166666666664","0","2665","0","2400","0.0002","2399","1","0.0091","263000"
"level_completed","376","7.9136060100166965","3","3949","1","2396","0.0002","2395","1","0.0091","263000"
"level_completed","379","11.132107023411372","0","2784","0","2392","0.0002","2392","1","0.0091","263000"
"level_completed","381","18.794266441821254","0","2816","1","2372","0.0002","2372","1","0.009000000000000001","263000"
"level_completed","383","14.52544584602001","11","2389","0","2299","0.0002","2299","1","0.0087","263000"
"level_completed","382","18.310675381263625","29","2659","10","2295","0.0002","2294","1","0.0087","263000"
"level_completed","384","10.964542190305206","1","2369","0","2228","0.0002","2228","1","0.0085","263000"
"level_completed","386","15.818965517241377","11","2284","2","2204","0.0002","2204","1","0.0084","263000"
"level_completed","387","14.348816029143899","0","2457","1","2196","0.0002","2196","1","0.0083","263000"
"level_completed","385","14.229014598540147","19","2432","4","2192","0.0002","2192","1","0.0083","263000"
"level_completed","389","11.270833333333334","0","2380","1","2160","0.0002","2158","1","0.008199999999999999","263000"
"level_completed","388","12.796665122742011","0","2901","1","2159","0.0002","2159","1","0.008199999999999999","263000"
"level_completed","390","16.802902621722843","0","2874","2","2136","0.0002","2136","1","0.008100000000000001","263000"
"level_completed","391","16.435438265786992","0","2618","1","2122","0.0002","2120","1","0.008100000000000001","263000"
"level_completed","392","17.283317353787147","44","2370","5","2086","0.0002","2085","1","0.0079","263000"
"level_completed","393","9.502424830261884","2","2085","0","2062","0.0002","2060","1","0.0078000000000000005","263000"
"level_completed","396","5.126822157434406","0","2864","0","2058","0.0002","2058","1","0.0078000000000000005","263000"
"level_completed","395","7.267379679144383","0","2110","1","2057","0.0002","2057","1","0.0078000000000000005","263000"
"level_completed","394","5.783941605839413","0","2806","0","2055","0.0002","2054","1","0.0078000000000000005","263000"
"level_completed","397","11.0038967364832","0","2342","0","2053","0.0002","2052","1","0.0078000000000000005","263000"
"level_completed","398","10.27254805322819","0","2453","0","2029","0.0002","2026","1","0.0077","263000"
"level_completed","399","17.428500000000003","0","2615","0","2000","0.0002","2000","1","0.0076","263000"
"level_completed","400","6.261686991869917","2","3631","0","1968","0.0002","1968","1","0.0075","263000"
"level_completed","404","17.12295081967213","4","2032","2","1952","0.0002","1952","1","0.0074","263000"
"level_completed","402","7.044753086419756","0","1974","0","1944","0.0002","1943","1","0.0074","263000"
"level_completed","401","9.405475206611566","0","1971","0","1936","0.0002","1936","1","0.0074","263000"
"level_completed","403","15.782383419689122","14","2021","3","1930","0.0002","1929","1","0.0073","263000"
"level_completed","405","13.239750908147379","0","2391","0","1927","0.0002","1927","1","0.0073","263000"
"level_completed","407","10.800947867298584","0","2490","0","1899","0.0002","1899","1","0.0072","263000"
"level_completed","406","11.412137203166228","0","3035","1","1895","0.0002","1895","1","0.0072","263000"
"level_completed","408","13.763742071881609","0","2139","0","1892","0.0002","1892","1","0.0072","263000"
"level_completed","409","5.477248677248676","2","2962","1","1890","0.0002","1890","1","0.0072","263000"
"level_completed","410","5.437797776601377","0","2953","1","1889","0.0002","1888","1","0.0072","263000"
"level_completed","411","8.85737094199042","2","2177","1","1879","0.0002","1879","1","0.0070999999999999995","263000"
"level_completed","412","6.173304628632937","0","1967","0","1858","0.0002","1857","1","0.0070999999999999995","263000"
"level_completed","413","11.258658008658013","26","3011","7","1848","0.0002","1848","1","0.006999999999999999","263000"
"level_completed","414","12.550054406964092","0","2935","0","1838","0.0002","1838","1","0.006999999999999999","263000"
"level_completed","415","12.418350628072096","0","2529","0","1831","0.0002","1831","1","0.006999999999999999","263000"
"level_completed","416","11.462800875273524","0","2176","0","1828","0.0002","1828","1","0.006999999999999999","263000"
"level_completed","417","11.487493051695385","0","1923","0","1799","0.0002","1799","1","0.0068000000000000005","263000"
"level_completed","419","7.7199322416713745","3","2351","1","1771","0.0002","1771","1","0.0067","263000"
"level_completed","418","13.34857142857143","7","1844","1","1750","0.0002","1749","1","0.0067","263000"
"level_completed","420","7.551605504587155","1","1762","0","1744","0.0002","1744","1","0.0066","263000"
"level_completed","422","8.259280742459394","0","1740","0","1724","0.0001","1724","1","0.0066","263000"
"level_completed","421","18.465617715617714","25","1942","7","1716","0.0001","1716","1","0.006500000000000001","263000"
"level_completed","423","16.914619883040928","0","2000","0","1710","0.0001","1710","1","0.006500000000000001","263000"
"level_completed","424","14.045990566037739","0","2448","0","1696","0.0001","1696","1","0.0064","263000"
"level_completed","425","8.499112950916615","0","1875","0","1691","0.0001","1691","1","0.0064","263000"
"level_completed","426","14.93103448275862","0","2808","0","1682","0.0001","1681","1","0.0064","263000"
"level_completed","427","17.17173524150269","0","2069","0","1677","0.0001","1675","1","0.0064","263000"
"level_completed","428","13.393866506313886","0","2283","0","1663","0.0001","1663","1","0.0063","263000"
"level_completed","429","7.018450184501845","1","1682","0","1626","0.0001","1626","1","0.0062","263000"
"level_completed","430","8.38104089219331","1","1925","1","1614","0.0001","1614","1","0.0060999999999999995","263000"
"level_completed","432","9.046094750320107","8","2541","1","1562","0.0001","1562","1","0.0059","263000"
"level_completed","435","8.644415917843386","0","1682","1","1558","0.0001","1557","1","0.0059","263000"
"level_completed","436","13.113402061855675","0","2004","1","1552","0.0001","1552","1","0.0059","263000"
"level_completed","433","5.2645161290322555","0","2928","0","1550","0.0001","1550","1","0.0059","263000"
"level_completed","434","17.950936087798574","0","1832","1","1549","0.0001","1549","1","0.0059","263000"
"level_completed","437","11.2588996763754","0","2132","0","1545","0.0001","1545","1","0.0059","263000"
"level_completed","431","10.294155844155835","16","3986","7","1540","0.0001","1540","1","0.0059","263000"
"level_completed","438","9.387728459530019","1","1594","0","1532","0.0001","1532","1","0.0058","263000"
"level_completed","439","16.08","7","1553","3","1500","0.0001","1500","1","0.005699999999999999","263000"
"level_completed","440","7.065727699530521","13","3590","6","1491","0.0001","1490","1","0.005699999999999999","263000"
"level_completed","446","11.844489519945911","0","1485","0","1479","0.0001","1479","1","0.005600000000000001","263000"
"level_completed","442","12.933017591339654","15","1521","3","1478","0.0001","1477","1","0.005600000000000001","263000"
"level_completed","441","7.165535956580734","2","3335","0","1474","0.0001","1474","1","0.005600000000000001","263000"
"level_completed","444","8.727766463000679","0","2071","0","1473","0.0001","1472","1","0.005600000000000001","263000"
"level_completed","445","8.678911564625851","0","1716","1","1470","0.0001","1470","1","0.005600000000000001","263000"
"level_completed","449","8.895095367847407","0","1577","0","1468","0.0001","1468","1","0.005600000000000001","263000"
"level_completed","443","11.603412969283273","0","1718","0","1465","0.0001","1465","1","0.005600000000000001","263000"
"level_completed","447","14.109514031485284","0","2131","0","1461","0.0001","1460","1","0.005600000000000001","263000"
"level_completed","450","13.45942228335626","0","1469","0","1454","0.0001","1454","1","0.0055000000000000005","263000"
"level_completed","448","11.293186510667583","0","1500","0","1453","0.0001","1453","1","0.0055000000000000005","263000"
"level_completed","451","11.90953038674033","4","1485","3","1448","0.0001","1448","1","0.0055000000000000005","263000"
"level_completed","452","5.7899101589495485","0","2214","0","1447","0.0001","1447","1","0.0055000000000000005","263000"
"level_completed","454","14.533101045296162","0","1723","0","1435","0.0001","1435","1","0.0055000000000000005","263000"
"level_completed","453","13.048083623693381","0","1620","0","1435","0.0001","1435","1","0.0055000000000000005","263000"
"level_completed","455","12.964763918252292","0","1714","1","1419","0.0001","1419","1","0.0054","263000"
"level_completed","456","13.353563867325338","0","1474","0","1417","0.0001","1417","1","0.0054","263000"
"level_completed","457","11.911660777385158","0","1551","1","1415","0.0001","1415","1","0.0054","263000"
"level_completed","458","13.501418439716314","0","2056","0","1410","0.0001","1410","1","0.0054","263000"
"level_completed","459","9.368040491684743","0","1423","0","1383","0.0001","1383","1","0.0053","263000"
"level_completed","462","6.911013858497448","0","1381","0","1371","0.0001","1370","1","0.0052","263000"
"level_completed","461","8.016081871345024","1","1385","0","1368","0.0001","1368","1","0.0052","263000"
"level_completed","460","16.0343567251462","7","1493","3","1368","0.0001","1368","1","0.0052","263000"
"level_completed","463","7.6722750548646665","2","1382","1","1367","0.0001","1367","1","0.0052","263000"
"level_completed","464","16.21755162241888","0","1581","0","1356","0.0001","1356","1","0.0052","263000"
"level_completed","465","16.53732446415373","0","1820","0","1353","0.0001","1352","1","0.0051","263000"
"level_completed","466","18.78348214285714","0","1576","0","1344","0.0001","1344","1","0.0051","263000"
"level_completed","468","6.293806646525678","0","1836","0","1324","0.0001","1324","1","0.005","263000"
"level_completed","467","7.12471655328798","0","1365","0","1323","0.0001","1323","1","0.005","263000"
"level_completed","470","7.2710068130204375","1","1870","0","1321","0.0001","1320","1","0.005","263000"
"level_completed","469","16.079787234042552","5","1359","1","1316","0.0001","1315","1","0.005","263000"
"level_completed","471","13.407604562737637","2","1343","1","1315","0.0001","1315","1","0.005","263000"
"level_completed","472","13.073959938366718","0","1348","2","1298","0.0001","1298","1","0.0049","263000"
"level_completed","474","15.996860282574566","0","1684","0","1274","0.0001","1274","1","0.0048","263000"
"level_completed","473","12.488207547169807","0","2328","1","1272","0.0001","1272","1","0.0048","263000"
"level_completed","475","12.505900865460275","0","1511","0","1271","0.0001","1271","1","0.0048","263000"
"level_completed","480","14.160000000000004","1","1301","2","1250","0.0001","1249","1","0.004699999999999999","263000"
"level_completed","476","6.540930979133226","2","1771","0","1246","0.0001","1246","1","0.004699999999999999","263000"
"level_completed","477","4.639741518578352","0","1653","0","1238","0.0001","1238","1","0.004699999999999999","263000"
"level_completed","479","9.173560421735607","0","1248","0","1233","0.0001","1233","1","0.004699999999999999","263000"
"level_completed","481","15.29975629569456","0","1354","0","1231","0.0001","1230","1","0.004699999999999999","263000"
"level_completed","478","8.357783211083948","8","2379","2","1227","0.0001","1227","1","0.004699999999999999","263000"
"level_completed","485","11.14238410596027","0","1253","0","1208","0.0001","1208","1","0.0046","263000"
"level_completed","484","11.907960199004973","0","1430","0","1206","0.0001","1205","1","0.0046","263000"
"level_completed","482","13.58347245409015","0","1717","0","1198","0.0001","1198","1","0.0046","263000"
"level_completed","483","14.613389121338908","0","1219","0","1195","0.0001","1195","1","0.0045000000000000005","263000"
"level_completed","487","5.75503355704698","2","2210","0","1192","0.0001","1191","1","0.0045000000000000005","263000"
"level_completed","489","8.588383838383832","1","1196","0","1188","0.0001","1188","1","0.0045000000000000005","263000"
"level_completed","488","6.464467005076145","0","1735","0","1182","0.0001","1182","1","0.0045000000000000005","263000"
"level_completed","490","12.450764006791173","0","1426","0","1178","0.0001","1178","1","0.0045000000000000005","263000"
"level_completed","486","12.876910016977932","4","1229","0","1178","0.0001","1178","1","0.0045000000000000005","263000"
"level_completed","491","11.799313893653515","0","1743","0","1166","0.0001","1166","1","0.0044","263000"
"level_completed","492","15.954428202923475","0","1546","0","1163","0.0001","1163","1","0.0044","263000"
"level_completed","494","9.85862068965518","0","1726","0","1160","0.0001","1160","1","0.0044","263000"
"level_completed","493","8.416159860990449","0","1818","0","1151","0.0001","1151","1","0.0044","263000"
"level_completed","495","17.898856640281434","2","1222","1","1137","0.0001","1137","1","0.0043","263000"
"level_completed","499","10.310407239819003","7","2543","1","1105","0.0001","1105","1","0.0042","263000"
"level_completed","501","16.842391304347828","0","1253","0","1104","0.0001","1104","1","0.0042","263000"
"level_completed","502","10.36322463768116","0","1833","1","1104","0.0001","1104","1","0.0042","263000"
"level_completed","503","13.244767970882622","0","1465","2","1099","0.0001","1099","1","0.0042","263000"
"level_completed","496","13.106460418562332","25","2823","2","1099","0.0001","1098","1","0.0042","263000"
"level_completed","497","9.463148316651502","1","1131","0","1099","0.0001","1099","1","0.0042","263000"
"level_completed","498","16.024635036496363","5","1124","0","1096","0.0001","1096","1","0.0042","263000"
"level_completed","500","13.728021978021978","0","1423","0","1092","0.0001","1092","1","0.0042","263000"
"level_completed","505","9.902483900643979","0","1304","0","1087","0.0001","1087","1","0.0040999999999999995","263000"
"level_completed","504","11.759225092250931","0","1519","0","1084","0.0001","1084","1","0.0040999999999999995","263000"
"level_completed","506","10.577281191806335","0","1289","0","1074","0.0001","1074","1","0.0040999999999999995","263000"
"level_completed","507","7.413793103448276","0","1641","0","1073","0.0001","1072","1","0.0040999999999999995","263000"
"level_completed","508","4.928030303030303","0","1526","0","1056","0.0001","1056","1","0.004","263000"
"level_completed","511","6.413793103448273","0","1584","1","1044","0.0001","1044","1","0.004","263000"
"level_completed","514","11.976878612716769","0","1054","0","1038","0.0001","1038","1","0.0039000000000000003","263000"
"level_completed","512","11.84220716360116","0","1189","0","1033","0.0001","1032","1","0.0039000000000000003","263000"
"level_completed","515","15.912790697674419","0","1151","0","1032","0.0001","1032","1","0.0039000000000000003","263000"
"level_completed","509","19.025193798449614","32","1164","5","1032","0.0001","1032","1","0.0039000000000000003","263000"
"level_completed","510","8.215116279069768","0","1046","0","1032","0.0001","1032","1","0.0039000000000000003","263000"
"level_completed","513","16.088263821532497","0","1050","0","1031","0.0001","1031","1","0.0039000000000000003","263000"
"level_completed","516","17.084645669291348","0","1679","0","1016","0.0001","1016","1","0.0039000000000000003","263000"
"level_completed","517","12.516516516516514","0","1093","0","999","0.0001","999","1","0.0038","263000"
"level_completed","519","9.342713567839198","1","2070","1","995","0.0001","994","1","0.0038","263000"
"level_completed","520","11.194949494949496","19","1698","5","990","0.0001","990","1","0.0038","263000"
"level_completed","521","10.28715874620829","1","1014","0","989","0.0001","989","1","0.0038","263000"
"level_completed","518","8.872340425531915","1","1003","0","987","0.0001","986","1","0.0037","263000"
"level_completed","522","6.627291242362525","2","990","0","982","0.0001","982","1","0.0037","263000"
"level_completed","523","8.911314984709483","0","1376","0","981","0.0001","981","1","0.0037","263000"
"level_completed","525","10.121552604698678","0","1130","0","979","0.0001","979","1","0.0037","263000"
"level_completed","524","12.132307692307693","0","1173","0","975","0.0001","975","1","0.0037","263000"
"level_completed","526","11.557053941908716","0","1186","0","964","0.0001","964","1","0.0037","263000"
"level_completed","527","11.137316561844862","0","1686","0","954","0.0001","953","1","0.0036","263000"
"level_completed","528","14.871686108165434","0","1518","0","943","0.0001","943","1","0.0036","263000"
"level_completed","529","5.359526372443485","1","967","0","929","0.0001","929","1","0.0034999999999999996","263000"
"level_completed","530","5.942516268980475","0","936","0","922","0.0001","922","1","0.0034999999999999996","263000"
"level_completed","532","7.552889858233369","0","927","0","917","0.0001","916","1","0.0034999999999999996","263000"
"level_completed","531","5.49890590809628","0","1178","0","914","0.0001","914","1","0.0034999999999999996","263000"
"level_completed","533","10.955043859649122","1","1257","1","912","0.0001","912","1","0.0034999999999999996","263000"
"level_completed","534","14.756097560975608","0","1330","0","902","0.0001","901","1","0.0034000000000000002","263000"
"level_completed","535","12.899888765294772","0","1064","0","899","0.0001","899","1","0.0034000000000000002","263000"
"level_completed","536","12.56919642857142","0","980","0","896","0.0001","896","1","0.0034000000000000002","263000"
"level_completed","539","9.970982142857144","0","924","0","896","0.0001","896","1","0.0034000000000000002","263000"
"level_completed","542","12.714606741573036","2","902","0","890","0.0001","890","1","0.0034000000000000002","263000"
"level_completed","537","14.892134831460668","0","977","0","890","0.0001","890","1","0.0034000000000000002","263000"
"level_completed","540","10.454954954954962","3","946","3","888","0.0001","887","1","0.0034000000000000002","263000"
"level_completed","541","7.438418079096046","2","1441","0","885","0.0001","885","1","0.0034000000000000002","263000"
"level_completed","538","12.280225988700566","0","962","1","885","0.0001","885","1","0.0034000000000000002","263000"
"level_completed","543","6.438418079096045","1","896","0","885","0.0001","885","1","0.0034000000000000002","263000"
"level_completed","544","7.3774011299435065","1","1310","2","885","0.0001","884","1","0.0034000000000000002","263000"
"level_completed","546","8.45927601809955","0","1175","1","884","0.0001","884","1","0.0034000000000000002","263000"
"level_completed","545","13.408883826879274","0","1402","0","878","0.0001","878","1","0.0033","263000"
"level_completed","547","10.288990825688076","0","1548","1","872","0.0001","872","1","0.0033","263000"
"level_completed","548","13.075057736720563","0","1182","0","866","0.0001","866","1","0.0033","263000"
"level_completed","549","11.67786790266512","0","1299","0","863","0.0001","863","1","0.0033","263000"
"level_completed","550","11.979118329466361","0","1063","0","862","0.0001","861","1","0.0033","263000"
"level_completed","555","15.790697674418611","4","883","1","860","0.0001","859","1","0.0033","263000"
"level_completed","554","11.126021003500592","0","876","0","857","0.0001","857","1","0.0033","263000"
"level_completed","557","8.62222222222222","0","1093","0","855","0.0001","854","1","0.0032","263000"
"level_completed","559","10.550996483001176","0","1241","0","853","0.0001","853","1","0.0032","263000"
"level_completed","558","13.343493552168812","0","1465","1","853","0.0001","853","1","0.0032","263000"
"level_completed","560","14.211515863689772","0","901","0","851","0.0001","851","1","0.0032","263000"
"level_completed","553","13.746180963572263","5","872","0","851","0.0001","851","1","0.0032","263000"
"level_completed","551","16.048235294117646","1","908","0","850","0.0001","850","1","0.0032","263000"
"level_completed","552","8.716981132075473","0","860","0","848","0.0001","848","1","0.0032","263000"
"level_completed","556","17.904142011834317","0","1290","0","845","0.0001","844","1","0.0032","263000"
"level_completed","561","12.381969157769868","1","881","0","843","0.0001","843","1","0.0032","263000"
"level_completed","568","12.404988123515436","0","916","0","842","0.0001","841","1","0.0032","263000"
"level_completed","570","15.217339667458424","0","1026","0","842","0.0001","841","1","0.0032","263000"
"level_completed","569","14.040428061831147","0","1134","0","841","0.0001","841","1","0.0032","263000"
"level_completed","564","11.386634844868738","0","849","0","838","0.0001","837","1","0.0032","263000"
"level_completed","562","6.519713261648746","0","1054","0","837","0.0001","836","1","0.0032","263000"
"level_completed","567","10.467703349282298","0","913","0","836","0.0001","835","1","0.0032","263000"
"level_completed","563","5.977272727272731","0","1421","0","836","0.0001","836","1","0.0032","263000"
"level_completed","565","7.954436450839327","0","838","0","834","0.0001","834","1","0.0032","263000"
"level_completed","572","9.795399515738497","0","1270","7","826","0.0001","825","1","0.0031","263000"
"level_completed","566","14.515738498789348","0","1212","0","826","0.0001","826","1","0.0031","263000"
"level_completed","573","4.80848484848485","0","1354","0","825","0.0001","825","1","0.0031","263000"
"level_completed","571","7.832926829268291","0","849","0","820","0.0001","820","1","0.0031","263000"
"level_completed","576","13.458385093167704","0","1000","0","805","0.0001","805","1","0.0031","263000"
"level_completed","574","19.66916354556803","29","1588","4","801","0.0001","800","1","0.003","263000"
"level_completed","575","9.934918648310388","0","807","0","799","0.0001","799","1","0.003","263000"
"level_completed","577","11.194049159120311","0","1464","0","773","0.0001","773","1","0.0029","263000"
"level_completed","579","13.014341590612778","0","1028","1","767","0.0001","766","1","0.0029","263000"
"level_completed","578","7.83420365535248","0","928","0","766","0.0001","766","1","0.0029","263000"
"level_completed","586","8.110817941952508","0","764","0","758","0.0001","758","1","0.0029","263000"
"level_completed","580","8.616710875331568","0","873","0","754","0.0001","754","1","0.0029","263000"
"level_completed","582","8.118193891102258","1","1759","0","753","0.0001","752","1","0.0029","263000"
"level_completed","585","10.251329787234036","23","1886","1","752","0.0001","752","1","0.0029","263000"
"level_completed","581","7.9306666666666645","0","846","0","750","0.0001","750","1","0.0029","263000"
"level_completed","583","5.671562082777037","0","1015","0","749","0.0001","749","1","0.0028000000000000004","263000"
"level_completed","584","7.4846050870147245","0","761","0","747","0.0001","747","1","0.0028000000000000004","263000"
"level_completed","587","22.170241286863273","0","949","0","746","0.0001","746","1","0.0028000000000000004","263000"
"level_completed","588","16.047233468286098","0","910","0","741","0.0001","741","1","0.0028000000000000004","263000"
"level_completed","589","17.739669421487594","0","1385","1","726","0.0001","726","1","0.0028000000000000004","263000"
"level_completed","590","13.86896551724138","0","1095","0","725","0.0001","725","1","0.0028000000000000004","263000"
"level_completed","591","16.414701803051322","0","1375","0","721","0.0001","721","1","0.0027","263000"
"level_completed","592","9.401709401709406","1","746","1","702","0.0001","702","1","0.0027","263000"
"level_completed","596","6.793991416309011","0","707","0","699","0.0001","699","1","0.0027","263000"
"level_completed","593","7.491404011461317","0","705","0","698","0.0001","698","1","0.0027","263000"
"level_completed","594","6.311334289813487","0","704","0","697","0.0001","697","1","0.0027","263000"
"level_completed","595","7.446685878962536","0","706","0","694","0.0001","694","1","0.0026","263000"
"level_completed","597","9.084179970972425","0","849","0","689","0.0001","689","1","0.0026","263000"
"level_completed","602","7.976401179941001","2","1549","1","678","0.0001","677","1","0.0026","263000"
"level_completed","598","10.691285081240768","0","1034","1","677","0.0001","676","1","0.0026","263000"
"level_completed","600","7.999999999999999","0","908","1","677","0.0001","677","1","0.0026","263000"
"level_completed","599","10.33579881656805","0","747","1","676","0.0001","676","1","0.0026","263000"
"level_completed","601","11.433681073025328","0","954","1","671","0.0001","670","1","0.0025","263000"
"level_completed","604","6.31475903614458","0","682","1","664","0.0001","664","1","0.0025","263000"
"level_completed","603","4.881996974281391","1","941","1","661","0.0001","661","1","0.0025","263000"
"level_completed","606","9.937689969604863","2","1134","1","658","0.0001","658","1","0.0025","263000"
"level_completed","607","17.917431192660548","0","783","0","654","0.0001","654","1","0.0025","263000"
"level_completed","605","5.14592933947773","5","1934","2","651","0.0001","651","1","0.0025","263000"
"level_completed","608","10.837962962962964","0","889","1","648","0.0001","647","1","0.0025","263000"
"level_completed","609","11.537867078825347","0","827","0","647","0.0001","647","1","0.0025","263000"
"level_completed","610","9.169254658385096","0","971","0","644","0.0001","644","1","0.0024","263000"
"level_completed","611","10.503154574132491","0","652","0","634","0.0001","634","1","0.0024","263000"
"level_completed","614","15.198098256735342","0","653","0","631","0.0001","631","1","0.0024","263000"
"level_completed","616","13.451664025356571","0","690","0","631","0.0001","631","1","0.0024","263000"
"level_completed","612","7.484025559105431","0","634","1","626","0.0001","626","1","0.0024","263000"
"level_completed","618","10.108626198083074","0","666","0","626","0.0001","625","1","0.0024","263000"
"level_completed","615","8.6544","0","627","0","625","0.0001","625","1","0.0024","263000"
"level_completed","613","8.142628205128204","0","630","0","624","0.0001","624","1","0.0024","263000"
"level_completed","619","10.540064102564104","0","654","0","624","0.0001","624","1","0.0024","263000"
"level_completed","630","15.200642054574637","0","646","0","623","0.0001","623","1","0.0024","263000"
"level_completed","617","9.512861736334411","0","639","0","622","0.0001","622","1","0.0024","263000"
"level_completed","628","12.312297734627835","0","654","0","618","0.0001","618","1","0.0023","263000"
"level_completed","629","7.250809061488673","0","641","0","618","0.0001","618","1","0.0023","263000"
"level_completed","627","14.121753246753249","0","650","0","616","0.0001","616","1","0.0023","263000"
"level_completed","622","8.787928221859701","0","618","0","613","0.0001","613","1","0.0023","263000"
"level_completed","621","7.951060358890701","1","619","0","613","0.0001","613","1","0.0023","263000"
"level_completed","620","7.101307189542482","0","639","0","612","0.0001","612","1","0.0023","263000"
"level_completed","626","13.60361842105263","0","658","0","608","0.0001","608","1","0.0023","263000"
"level_completed","624","14.430693069306926","4","630","0","606","0.0001","605","1","0.0023","263000"
"level_completed","625","21.660000000000004","0","682","0","600","0.0001","600","1","0.0023","263000"
"level_completed","631","12.207070707070708","6","818","3","594","0.0001","594","1","0.0023","263000"
"level_completed","632","7.595278246205738","0","599","0","593","0.0001","593","1","0.0023","263000"
"level_completed","623","9.367622259696459","17","2632","2","593","0.0001","592","1","0.0023","263000"
"level_completed","634","11.274873524451941","0","622","0","593","0.0001","593","1","0.0023","263000"
"level_completed","635","12.951972555746135","0","677","0","583","0.0001","583","1","0.0022","263000"
"level_completed","633","8.061962134251294","0","584","0","581","0.0001","581","1","0.0022","263000"
"level_completed","636","11.743006993006988","0","624","1","572","0","572","1","0.0022","263000"
"level_completed","638","9.782837127845882","0","592","0","571","0","571","1","0.0022","263000"
"level_completed","646","11.93661971830986","0","633","0","568","0","568","1","0.0022","263000"
"level_completed","640","6.527336860670196","0","773","0","567","0","567","1","0.0022","263000"
"level_completed","637","13.202821869488536","0","707","0","567","0","567","1","0.0022","263000"
"level_completed","644","11.938271604938276","0","616","0","567","0","567","1","0.0022","263000"
"level_completed","645","9.553003533568907","0","631","0","566","0","565","1","0.0021","263000"
"level_completed","642","6.7287234042553195","0","565","0","564","0","564","1","0.0021","263000"
"level_completed","651","9.950177935943058","0","566","0","562","0","562","1","0.0021","263000"
"level_completed","650","10.122775800711741","0","575","0","562","0","562","1","0.0021","263000"
"level_completed","639","10.558718861209968","0","571","0","562","0","562","1","0.0021","263000"
"level_completed","647","8.91087344028521","0","589","0","561","0","561","1","0.0021","263000"
"level_completed","643","20.585714285714285","0","688","0","560","0","560","1","0.0021","263000"
"level_completed","673","10.516129032258068","0","604","0","558","0","558","1","0.0021","263000"
"level_completed","641","5.583482944344702","0","559","0","557","0","557","1","0.0021","263000"
"level_completed","671","12.0018018018018","0","629","0","555","0","555","1","0.0021","263000"
"level_completed","677","9.42342342342343","0","565","0","555","0","555","1","0.0021","263000"
"level_completed","675","15.54512635379062","0","560","0","554","0","554","1","0.0021","263000"
"level_completed","678","8.644927536231881","0","560","0","552","0","552","1","0.0021","263000"
"level_completed","676","10.070652173913043","0","557","0","552","0","552","1","0.0021","263000"
"level_completed","648","10.121597096188747","1","564","0","551","0","551","1","0.0021","263000"
"level_completed","670","9.250453720508172","0","709","1","551","0","551","1","0.0021","263000"
"level_completed","674","7.907441016333937","0","577","0","551","0","551","1","0.0021","263000"
"level_completed","653","12.546279491833026","0","624","0","551","0","551","1","0.0021","263000"
"level_completed","672","11.145190562613427","0","575","0","551","0","551","1","0.0021","263000"
"level_completed","649","6.830909090909089","0","556","0","550","0","549","1","0.0021","263000"
"level_completed","654","13.107468123861564","0","708","0","549","0","549","1","0.0021","263000"
"level_completed","664","12.66788321167883","0","596","0","548","0","547","1","0.0021","263000"
"level_completed","655","10.348540145985398","0","573","0","548","0","548","1","0.0021","263000"
"level_completed","679","12.941499085923216","0","640","0","547","0","547","1","0.0021","263000"
"level_completed","652","14.902930402930396","0","712","0","546","0","546","1","0.0021","263000"
"level_completed","657","5.842490842490843","0","622","0","546","0","546","1","0.0021","263000"
"level_completed","665","12.363970588235293","0","567","1","544","0","544","1","0.0021","263000"
"level_completed","662","10.25","0","631","0","544","0","544","1","0.0021","263000"
"level_completed","668","4.961397058823527","0","808","0","544","0","544","1","0.0021","263000"
"level_completed","656","10.37269372693727","1","559","0","542","0","542","1","0.0021","263000"
"level_completed","669","5.944444444444446","0","620","0","540","0","540","1","0.0021","263000"
"level_completed","681","11.936920222634509","0","626","0","539","0","538","1","0.002","263000"
"level_completed","667","5.207792207792209","0","893","0","539","0","539","1","0.002","263000"
"level_completed","666","6.184014869888477","0","827","0","538","0","537","1","0.002","263000"
"level_completed","663","11.776536312849165","0","670","0","537","0","537","1","0.002","263000"
"level_completed","658","7.808193668528865","0","539","0","537","0","537","1","0.002","263000"
"level_completed","659","5.391061452513966","0","759","0","537","0","537","1","0.002","263000"
"level_completed","682","11.40671641791045","0","584","0","536","0","536","1","0.002","263000"
"level_completed","661","13.669158878504675","0","605","0","535","0","535","1","0.002","263000"
"level_completed","660","6.742056074766352","0","842","0","535","0","535","1","0.002","263000"
"level_completed","683","12.01310861423221","0","647","0","534","0","534","1","0.002","263000"
"level_completed","680","14.23264540337711","0","579","0","533","0","533","1","0.002","263000"
"level_completed","684","8.342105263157892","0","705","0","532","0","532","1","0.002","263000"
"level_completed","690","9.352272727272725","0","676","0","528","0","528","1","0.002","263000"
"level_completed","691","12.838095238095232","0","576","0","525","0","525","1","0.002","263000"
"level_completed","692","9.744274809160311","0","548","0","524","0","524","1","0.002","263000"
"level_completed","686","11.766409266409266","1","528","0","518","0","518","1","0.002","263000"
"level_completed","685","9.406189555125726","0","703","2","517","0","517","1","0.002","263000"
"level_completed","687","6.396518375241782","0","520","0","517","0","516","1","0.002","263000"
"level_completed","688","6.206963249516442","4","1391","0","517","0","517","1","0.002","263000"
"level_completed","689","12.35271317829457","0","667","0","516","0","516","1","0.002","263000"
"level_completed","694","9.529182879377423","0","522","0","514","0","514","1","0.002","263000"
"level_completed","693","6.336594911937376","6","1266","1","511","0","511","1","0.0019","263000"
"level_completed","697","11.5764705882353","0","766","0","510","0","510","1","0.0019","263000"
"level_completed","695","5.980392156862745","0","1312","0","510","0","510","1","0.0019","263000"
"level_completed","704","6.135559921414536","0","512","0","509","0","509","1","0.0019","263000"
"level_completed","698","15.93110236220473","0","562","0","508","0","508","1","0.0019","263000"
"level_completed","701","11.980314960629926","1","1179","2","508","0","508","1","0.0019","263000"
"level_completed","696","8.77952755905512","0","638","0","508","0","508","1","0.0019","263000"
"level_completed","700","12.228346456692915","0","526","0","508","0","508","1","0.0019","263000"
"level_completed","706","9.097029702970294","0","596","0","505","0","505","1","0.0019","263000"
"level_completed","703","6.928712871287128","0","507","0","505","0","505","1","0.0019","263000"
"level_completed","708","11.938492063492061","0","528","0","504","0","504","1","0.0019","263000"
"level_completed","709","8.138888888888891","0","734","0","504","0","504","1","0.0019","263000"
"level_completed","699","10.644135188866796","0","565","0","503","0","503","1","0.0019","263000"
"level_completed","707","14.185258964143431","0","695","0","502","0","502","1","0.0019","263000"
"level_completed","705","11.16932270916335","0","529","0","502","0","502","1","0.0019","263000"
"level_completed","710","10.58167330677291","0","608","0","502","0","502","1","0.0019","263000"
"level_completed","702","7.408366533864543","0","996","0","502","0","502","1","0.0019","263000"
"level_completed","714","4.48991935483871","0","697","0","496","0","496","1","0.0019","263000"
"level_completed","711","6.908722109533471","0","520","0","493","0","493","1","0.0019","263000"
"level_completed","712","15.60816326530612","1","504","0","490","0","490","1","0.0019","263000"
"level_completed","713","8.504081632653062","0","496","0","490","0","490","1","0.0019","263000"
"level_completed","715","24.83924843423799","13","553","8","479","0","479","1","0.0018","263000"
"level_completed","719","10.01698513800425","0","485","1","471","0","471","1","0.0018","263000"
"level_completed","717","7.865671641791044","0","474","0","469","0","469","1","0.0018","263000"
"level_completed","716","13.46995708154506","1","497","0","466","0","466","1","0.0018","263000"
"level_completed","718","6.408207343412528","0","632","0","463","0","463","1","0.0018","263000"
"level_completed","720","7.194805194805195","0","721","0","462","0","462","1","0.0018","263000"
"level_completed","722","7.50110864745011","0","460","0","451","0","451","1","0.0017000000000000001","263000"
"level_completed","724","7.306487695749439","0","1008","2","447","0","447","1","0.0017000000000000001","263000"
"level_completed","721","7.6629213483146055","0","463","0","445","0","445","1","0.0017000000000000001","263000"
"level_completed","723","8.204494382022474","0","448","0","445","0","444","1","0.0017000000000000001","263000"
"level_completed","725","8.790432801822323","1","665","0","439","0","439","1","0.0017000000000000001","263000"
"level_completed","726","6.978971962616821","0","1020","0","428","0","428","1","0.0016","263000"
"level_completed","727","10.60952380952381","3","825","0","420","0","420","1","0.0016","263000"
"level_completed","728","16.839712918660275","0","439","0","418","0","418","1","0.0016","263000"
"level_completed","729","6.0508474576271185","0","1184","3","413","0","413","1","0.0016","263000"
"level_completed","740","14.93946731234867","0","421","0","413","0","413","1","0.0016","263000"
"level_completed","730","4.359223300970876","0","635","0","412","0","412","1","0.0016","263000"
"level_completed","731","6.805352798053527","0","630","0","411","0","411","1","0.0016","263000"
"level_completed","733","5.456097560975611","0","411","0","410","0","410","1","0.0016","263000"
"level_completed","732","6.956097560975609","0","415","0","410","0","410","1","0.0016","263000"
"level_completed","735","6.8239608801955995","0","412","0","409","0","409","1","0.0016","263000"
"level_completed","739","7.214285714285714","0","667","0","406","0","406","1","0.0015","263000"
"level_completed","734","7.330049261083744","0","558","0","406","0","406","1","0.0015","263000"
"level_completed","741","11.819753086419752","0","416","0","405","0","405","1","0.0015","263000"
"level_completed","743","4.852417302798982","1","661","0","393","0","393","1","0.0015","263000"
"level_completed","742","5.946428571428573","0","393","0","392","0","392","1","0.0015","263000"
"level_completed","745","9.836317135549875","1","896","1","391","0","391","1","0.0015","263000"
"level_completed","744","8.971867007672632","0","394","0","391","0","391","1","0.0015","263000"
"level_completed","736","7.940874035989718","0","393","0","389","0","389","1","0.0015","263000"
"level_completed","738","9.24547803617571","0","393","0","387","0","387","1","0.0015","263000"
"level_completed","746","11.289817232375977","0","399","0","383","0","383","1","0.0015","263000"
"level_completed","747","7.329842931937173","0","389","0","382","0","382","1","0.0015","263000"
"level_completed","737","9.686842105263155","0","384","0","380","0","380","1","0.0014000000000000002","263000"
"level_completed","748","8.297082228116716","4","1041","3","377","0","377","1","0.0014000000000000002","263000"
"level_completed","750","8.572580645161288","0","377","0","372","0","372","1","0.0014000000000000002","263000"
"level_completed","752","6.729729729729732","0","376","0","370","0","369","1","0.0014000000000000002","263000"
"level_completed","751","7.17934782608696","0","372","0","368","0","368","1","0.0014000000000000002","263000"
"level_completed","749","8","12","2218","4","364","0","364","1","0.0014000000000000002","263000"
"level_completed","753","10.633333333333336","1","365","0","360","0","360","1","0.0014000000000000002","263000"
"level_completed","754","8.54874651810585","1","362","0","359","0","359","1","0.0014000000000000002","263000"
"level_completed","756","13.52957746478873","0","369","0","355","0","355","1","0.0013","263000"
"level_completed","755","16.829545454545453","2","382","1","352","0","352","1","0.0013","263000"
"level_completed","757","6.15142857142857","0","356","0","350","0","350","1","0.0013","263000"
"level_completed","759","12.078260869565218","0","351","0","345","0","345","1","0.0013","263000"
"level_completed","758","5.0350877192982475","0","346","0","342","0","342","1","0.0013","263000"
"level_completed","760","9.708737864077667","0","693","1","309","0","309","1","0.0012","263000"